PID,Cond,Ch,HbO_beta,HbR_beta
AC,left,S1-D1,-3.60059362791766e-05,-1.17501531314184e-05
AC,left,S3-D1,-8.43243208478464e-06,-2.21605034895785e-05
AC,left,S2-D1,3.17898230007633e-21,4.28321471343889e-21
AC,left,S1-D2,-2.34771882965795e-05,-9.99439637706644e-06
AC,left,S3-D2,1.49142987738858e-06,-3.09799138746074e-05
AC,left,S4-D2,1.098513034777e-05,-4.31645489537093e-06
AC,left,S4-D3,1.16913503330238e-06,-7.66911005134488e-07
AC,left,S5-D3,-6.43731216352732e-06,-4.30991104446924e-06
AC,left,S3-D4,-6.78066243879121e-06,-2.85752713580018e-05
AC,left,S4-D4,1.80803566889831e-05,-1.05754839662974e-05
AC,left,S5-D4,-4.42730571961369e-06,-6.02376864457489e-06
AC,left,S8-D5,3.68071315726798e-05,9.62331701205418e-06
AC,left,S6-D5,3.25020310257727e-05,-1.7051149755084e-05
AC,left,S7-D5,7.72965678393094e-22,-1.24121361276757e-21
AC,left,S9-D6,-1.09702999214037e-05,-2.23612413300568e-06
AC,left,S8-D6,2.04036221526922e-05,5.16078681043236e-06
AC,left,S6-D6,2.5209511923639e-05,-3.78855136156663e-05
AC,left,S10-D7,6.78893939460851e-06,6.54127727434549e-07
AC,left,S9-D7,-4.56162787933108e-06,-9.42645852227026e-06
AC,left,S8-D7,-2.09066843606561e-05,2.11526328347291e-06
AC,left,S10-D8,-9.94052071648261e-07,-8.46799407951003e-07
AC,left,S9-D8,-3.63912906090865e-06,-7.30208550652236e-06
AC,right,S1-D1,2.06183921706279e-05,-1.57739439206471e-05
AC,right,S3-D1,2.47825514685678e-05,-1.73755523401537e-05
AC,right,S2-D1,1.01930443701398e-21,1.81894079766788e-21
AC,right,S1-D2,1.83065512126989e-06,-1.82524557895633e-05
AC,right,S3-D2,1.3864060939424e-05,-2.15705419192973e-05
AC,right,S4-D2,2.68624514820093e-05,-5.76548568795332e-06
AC,right,S4-D3,-1.11977902373494e-05,1.8314328344635e-06
AC,right,S5-D3,-1.28587053309504e-05,-7.73164939241943e-06
AC,right,S3-D4,9.27792281987066e-06,-2.51540402912475e-05
AC,right,S4-D4,2.13452507677608e-05,-9.94358947538329e-06
AC,right,S5-D4,2.15626914537045e-06,-6.16511602949153e-06
AC,right,S8-D5,5.5237970355102e-06,1.36556046474188e-05
AC,right,S6-D5,-1.25032343121749e-05,-6.64850058754079e-06
AC,right,S7-D5,-1.38136734194934e-21,-1.71143138623854e-21
AC,right,S9-D6,-1.26271080637837e-05,-5.37288163480538e-06
AC,right,S8-D6,1.02732641968824e-05,1.03680234628115e-05
AC,right,S6-D6,-4.62603306232572e-06,-7.09483256587057e-06
AC,right,S10-D7,-1.46542377371976e-05,4.34532817067272e-06
AC,right,S9-D7,-1.09851980195135e-05,-1.14792083832881e-05
AC,right,S8-D7,-2.6702203813825e-05,4.30944657968529e-06
AC,right,S10-D8,-8.92952867476147e-06,3.48466345446427e-07
AC,right,S9-D8,-7.33625273699385e-06,-1.12502021819693e-05
AG,left,S1-D1,5.96092743525325e-05,7.60510534129892e-07
AG,left,S3-D1,-2.51216331373916e-05,-1.59854422019732e-06
AG,left,S2-D1,1.31277725062734e-20,-3.10815995519135e-21
AG,left,S1-D2,-7.81417630731919e-06,-3.01169864843237e-06
AG,left,S3-D2,-1.20795494208766e-05,2.97174015480186e-05
AG,left,S4-D2,2.31973011433508e-06,6.01819514332957e-06
AG,left,S4-D3,4.9598867563321e-05,3.85798272947438e-06
AG,left,S5-D3,-3.24227719714645e-05,5.25781967288532e-06
AG,left,S3-D4,1.6875820766939e-05,1.35975519218618e-05
AG,left,S4-D4,-6.80738677654491e-09,-2.41116450082826e-06
AG,left,S5-D4,-5.99917533913881e-06,3.79160372145336e-06
AG,left,S8-D5,-4.06912324100201e-06,2.4663507611973e-06
AG,left,S6-D5,-6.91449232529861e-06,1.03627690485369e-05
AG,left,S7-D5,6.93507937054689e-21,-2.16835789531593e-21
AG,left,S9-D6,7.68912429139101e-06,4.61771225248751e-06
AG,left,S8-D6,-2.63948576748898e-05,4.97402760785236e-07
AG,left,S6-D6,-3.443309410787e-06,-1.08743145383704e-06
AG,left,S10-D7,-2.87351511826746e-06,-7.31399271131736e-06
AG,left,S9-D7,8.20738552772199e-05,9.54225318674681e-06
AG,left,S8-D7,6.71968510269097e-06,-3.17357240967738e-05
AG,left,S10-D8,-7.23243502153523e-06,-4.11654980193481e-07
AG,left,S9-D8,-1.2792401662538e-05,3.61676354327905e-06
AG,right,S1-D1,4.25022595045202e-05,1.3857549869101e-06
AG,right,S3-D1,-2.37471213940508e-05,1.85652726569366e-06
AG,right,S2-D1,1.39908802226229e-20,-3.37666711564104e-21
AG,right,S1-D2,-1.46555030461449e-05,-1.48680825166275e-06
AG,right,S3-D2,-3.91407819486189e-05,2.5786027960383e-05
AG,right,S4-D2,1.83787146693033e-05,3.87145879008547e-06
AG,right,S4-D3,5.54791503731137e-05,-6.77018066536714e-07
AG,right,S5-D3,-2.80050119387575e-05,-3.47675636303448e-06
AG,right,S3-D4,1.4223970340197e-05,1.40736301100668e-05
AG,right,S4-D4,1.14408414747112e-05,-2.42047674813674e-06
AG,right,S5-D4,-4.88956032492115e-06,-2.26147187778128e-06
AG,right,S8-D5,-3.05395283780704e-06,3.47883685925173e-06
AG,right,S6-D5,-9.96267977260667e-06,9.5804577734905e-06
AG,right,S7-D5,7.10522726876914e-21,-2.43048263053601e-21
AG,right,S9-D6,1.08455787824447e-05,4.46937003434111e-08
AG,right,S8-D6,-3.59642732699442e-05,3.87279823072864e-06
AG,right,S6-D6,4.03716612656245e-07,-1.31929800621624e-06
AG,right,S10-D7,-4.85285178951183e-06,-1.23553106143587e-05
AG,right,S9-D7,6.23809444432167e-05,7.12001426490568e-07
AG,right,S8-D7,2.35994614661875e-06,-2.91452522588887e-05
AG,right,S10-D8,-1.52419278016802e-06,-6.00334902767161e-06
AG,right,S9-D8,-8.47105354378441e-06,-7.27827274454953e-06
CD,left,S1-D1,1.17182040609841e-05,-1.07136476164685e-07
CD,left,S3-D1,6.97414676885503e-06,3.76666395747939e-06
CD,left,S2-D1,-1.09546863339532e-21,3.61051438884819e-23
CD,left,S1-D2,2.47081178005076e-06,-4.3223905134821e-07
CD,left,S3-D2,-2.79435333813595e-06,-1.76290717513594e-06
CD,left,S4-D2,1.06094199437424e-05,-5.60633764507328e-07
CD,left,S4-D3,2.58506311848145e-06,1.9859785652477e-06
CD,left,S5-D3,2.26217966190422e-06,-7.72253836381806e-07
CD,left,S3-D4,1.05716529929014e-05,-2.32950968227586e-06
CD,left,S4-D4,1.18254015079047e-05,-1.89748237053937e-06
CD,left,S5-D4,8.4068267592989e-06,4.59276442978495e-07
CD,left,S8-D5,-9.53750866291986e-06,8.56008543860187e-06
CD,left,S6-D5,-1.70028863935583e-05,1.35960900538644e-05
CD,left,S7-D5,-5.41482416007489e-21,-2.58483239357213e-21
CD,left,S9-D6,1.63660076911057e-05,-3.80590460709566e-06
CD,left,S8-D6,9.13285643715525e-06,5.22590282464979e-06
CD,left,S6-D6,5.32305093567514e-06,3.9351920833382e-06
CD,left,S10-D7,7.39050007208806e-07,-2.91587964705834e-06
CD,left,S9-D7,6.94985649984285e-06,-2.35172516305117e-06
CD,left,S8-D7,9.28433252653745e-06,-2.68790430126469e-07
CD,left,S10-D8,-1.55841750422692e-06,-5.22388171000562e-06
CD,left,S9-D8,-8.3152755685454e-06,1.16863518716475e-07
CD,right,S1-D1,-4.04372126133535e-06,1.16676078655576e-06
CD,right,S3-D1,-9.09467217698536e-07,2.34079392485564e-06
CD,right,S2-D1,6.17029661430179e-22,-1.81589815731834e-21
CD,right,S1-D2,-2.03441411951174e-05,-2.1781193264053e-07
CD,right,S3-D2,-1.0570246976037e-05,-7.87249149323508e-06
CD,right,S4-D2,6.35535480392215e-06,6.4418602038678e-07
CD,right,S4-D3,1.15536140907958e-06,2.22416601203351e-06
CD,right,S5-D3,-5.75252056739523e-06,-3.17333728959515e-06
CD,right,S3-D4,5.65439409104029e-06,-7.74654750410976e-06
CD,right,S4-D4,3.70183079950198e-06,-1.17088664011117e-06
CD,right,S5-D4,-5.29994093556875e-06,-1.481943528757e-06
CD,right,S8-D5,-2.78068745288931e-05,1.81249084880555e-05
CD,right,S6-D5,-1.42213985704357e-05,1.15969918381622e-05
CD,right,S7-D5,-7.90145234449535e-21,1.49923730720582e-21
CD,right,S9-D6,1.34806709432856e-05,-3.77654804409196e-06
CD,right,S8-D6,-2.84204567002978e-06,6.16833455844059e-06
CD,right,S6-D6,-1.36706705830337e-06,4.45050902156941e-06
CD,right,S10-D7,-2.14298554691529e-06,-1.298319318671e-06
CD,right,S9-D7,4.1962835116029e-06,-4.36277255957739e-06
CD,right,S8-D7,-8.951494454632e-06,1.28355161402282e-06
CD,right,S10-D8,1.01748995290886e-06,-2.08572438388998e-06
CD,right,S9-D8,2.05798252507965e-06,-2.7389843404598e-06
CI,left,S1-D1,-1.28477825332616e-05,6.31490752652178e-06
CI,left,S3-D1,-5.49486059068393e-06,7.59676584256867e-06
CI,left,S2-D1,2.52629213446984e-21,3.2806250909574e-22
CI,left,S1-D2,-1.24971177328727e-05,3.63374813720231e-06
CI,left,S3-D2,-2.77502167047979e-05,9.72156828240876e-06
CI,left,S4-D2,-1.70600926734271e-05,7.63009802106155e-06
CI,left,S4-D3,-1.46644518204704e-05,6.19563929481451e-06
CI,left,S5-D3,9.29390466870055e-06,3.3215618229761e-06
CI,left,S3-D4,-6.45195206761972e-05,2.51161102477526e-08
CI,left,S4-D4,-2.61483999847093e-05,5.40305949486296e-06
CI,left,S5-D4,7.32987828758611e-06,3.55883433761306e-06
CI,left,S8-D5,-4.38345686967074e-05,9.36970687937508e-07
CI,left,S6-D5,3.86152261206853e-06,1.34131748232632e-05
CI,left,S7-D5,5.48393911158573e-21,-7.35816715623166e-22
CI,left,S9-D6,-1.85601932072942e-05,7.52919342421243e-06
CI,left,S8-D6,-4.08975743556734e-05,1.99136144190602e-05
CI,left,S6-D6,-1.15200869247316e-05,1.14195920928342e-05
CI,left,S10-D7,-1.59203985133767e-05,-5.71228553345659e-06
CI,left,S9-D7,4.62081036235528e-06,3.67803984751593e-06
CI,left,S8-D7,-3.35637290063378e-05,1.72990618422976e-05
CI,left,S10-D8,6.3562495331662e-08,-3.36439771320394e-06
CI,left,S9-D8,5.7643913773851e-06,1.50971031010136e-06
CI,right,S1-D1,-1.16179135805195e-05,2.99772143467701e-06
CI,right,S3-D1,-2.45437668004124e-06,4.00901848220216e-06
CI,right,S2-D1,-7.24108751574144e-22,4.29194506102842e-22
CI,right,S1-D2,-1.15947603654321e-05,4.90579606489087e-06
CI,right,S3-D2,-1.94215492806177e-05,9.3291653906657e-06
CI,right,S4-D2,-9.53037065470971e-06,6.31419377406839e-06
CI,right,S4-D3,-1.44444847415733e-05,4.89700587609159e-06
CI,right,S5-D3,1.98747397436443e-05,6.52876471101681e-06
CI,right,S3-D4,-5.69337726734045e-05,-2.01635809520314e-06
CI,right,S4-D4,-2.46699437863548e-05,6.09794561638231e-06
CI,right,S5-D4,1.46733281513466e-05,8.62927562500177e-06
CI,right,S8-D5,-3.14983584169162e-05,-6.05601370914272e-07
CI,right,S6-D5,2.92895731110393e-06,1.11600181050824e-05
CI,right,S7-D5,1.15009709844852e-20,8.97786902422521e-22
CI,right,S9-D6,-1.0409803092994e-05,5.87851775546958e-06
CI,right,S8-D6,-2.33561515983874e-05,1.49600952487894e-05
CI,right,S6-D6,-8.92359457415213e-06,4.18679131688678e-06
CI,right,S10-D7,-1.4598350442477e-05,-9.07439304054689e-06
CI,right,S9-D7,7.74353289062812e-06,-2.47867707801953e-07
CI,right,S8-D7,-2.298346570774e-05,1.14461986884732e-05
CI,right,S10-D8,-6.56674856029646e-06,-5.56805020729138e-06
CI,right,S9-D8,5.23742257781247e-06,-1.76615985625361e-06
EM,left,S1-D1,7.8774465936076e-06,-4.47698578309296e-06
EM,left,S3-D1,3.47507260418662e-05,-3.48210427581528e-06
EM,left,S2-D1,1.25579344901504e-20,1.97506512037384e-20
EM,left,S1-D2,-1.87534322468896e-05,-5.0667356653119e-06
EM,left,S3-D2,2.46863313296679e-05,1.44946360761812e-06
EM,left,S4-D2,1.8273597737474e-05,-2.3261946788045e-06
EM,left,S4-D3,-3.0730465918563e-06,-7.60877504980586e-06
EM,left,S5-D3,7.39897870946312e-06,-1.00661556082464e-05
EM,left,S3-D4,4.59991311670291e-05,9.18543890787847e-06
EM,left,S4-D4,1.91649141345721e-05,-9.57182991508907e-06
EM,left,S5-D4,-9.1226291371708e-06,-9.14833340096643e-07
EM,left,S8-D5,0,0
EM,left,S6-D5,-8.37991075033649e-05,-2.51694695550729e-07
EM,left,S7-D5,7.90992539878447e-20,2.29987223516447e-22
EM,left,S9-D6,-5.75739880852825e-06,1.47352653403303e-05
EM,left,S8-D6,-0.000202662349286467,-2.46188641594169e-05
EM,left,S6-D6,-0.00021005811356604,1.84811468915762e-05
EM,left,S10-D7,5.02260251302673e-06,1.27672365168931e-06
EM,left,S9-D7,2.9563566792906e-05,6.1357887575452e-06
EM,left,S8-D7,-3.90527433981368e-05,4.41420295785095e-06
EM,left,S10-D8,2.84817743927752e-05,-2.27930609518356e-05
EM,left,S9-D8,-3.75731097320192e-05,6.76184258817731e-07
EM,right,S1-D1,1.54585595354186e-05,1.60108017080476e-06
EM,right,S3-D1,3.90531992575259e-05,5.13513749381084e-06
EM,right,S2-D1,8.88943243464485e-21,1.94593066614897e-20
EM,right,S1-D2,-7.78623412658903e-06,2.3511196252955e-08
EM,right,S3-D2,3.57792946800442e-05,1.6472259995204e-05
EM,right,S4-D2,2.64883544705388e-05,2.38224492879549e-06
EM,right,S4-D3,5.96460791096297e-06,-8.13702699829299e-06
EM,right,S5-D3,1.7336344360436e-05,-1.1854346201107e-05
EM,right,S3-D4,5.08937625919687e-05,1.47618197173366e-05
EM,right,S4-D4,2.04880531416291e-05,-8.26013802005548e-06
EM,right,S5-D4,5.46578080149114e-06,-2.21347365671993e-06
EM,right,S8-D5,0,0
EM,right,S6-D5,-9.15635117935452e-06,1.11177326885227e-05
EM,right,S7-D5,7.50019383685859e-20,3.3331848897766e-22
EM,right,S9-D6,8.71218269428131e-06,1.28090875724223e-05
EM,right,S8-D6,-0.000104264292607411,-5.16728704591441e-06
EM,right,S6-D6,-0.000119833219943199,2.76636819771688e-05
EM,right,S10-D7,2.08015757166151e-05,2.00333163252261e-06
EM,right,S9-D7,4.87140809280815e-05,6.89442285006663e-06
EM,right,S8-D7,9.94146384223489e-06,1.20006539190999e-05
EM,right,S10-D8,3.69141286180617e-05,-2.33403147233535e-05
EM,right,S9-D8,-2.75888538717086e-05,-1.92573717187366e-07
HS,left,S1-D1,-8.91943036982318e-07,5.39752972036882e-07
HS,left,S3-D1,0,0
HS,left,S2-D1,-1.25712869017182e-21,1.23693964842958e-21
HS,left,S1-D2,9.55208957146153e-06,-2.27586749940223e-06
HS,left,S3-D2,8.61846049547888e-07,-2.213870045152e-06
HS,left,S4-D2,9.12439794826915e-06,-1.11373228699869e-06
HS,left,S4-D3,1.30108483595658e-05,-7.35826963801882e-07
HS,left,S5-D3,3.91115733577091e-06,-2.22333591594992e-06
HS,left,S3-D4,-2.74991906985039e-06,-1.81839090249743e-07
HS,left,S4-D4,1.01360500740322e-05,6.3974793381376e-07
HS,left,S5-D4,4.05074025637972e-06,-2.49445443829331e-06
HS,left,S8-D5,2.07880801715043e-06,-6.059702299681e-06
HS,left,S6-D5,-9.16998842121907e-07,-4.86240598526116e-06
HS,left,S7-D5,5.37789297381538e-21,-2.61568739609316e-21
HS,left,S9-D6,1.40661399730349e-05,5.00405449051944e-07
HS,left,S8-D6,-1.62040073675521e-06,-2.90323112683284e-06
HS,left,S6-D6,4.42352253199334e-06,-6.32222219881633e-07
HS,left,S10-D7,-4.9162972879457e-06,1.40997441693674e-06
HS,left,S9-D7,2.09772076217597e-06,2.53779382397664e-06
HS,left,S8-D7,2.02950049793996e-06,-2.38814831847139e-06
HS,left,S10-D8,7.18026249455072e-07,2.56994740495014e-06
HS,left,S9-D8,1.43972892804276e-05,3.58778249020051e-06
HS,right,S1-D1,3.03197954976934e-06,3.80528931785974e-06
HS,right,S3-D1,0,0
HS,right,S2-D1,4.97205022260717e-21,4.26562758983512e-22
HS,right,S1-D2,1.18706296382671e-05,-3.6847452831479e-06
HS,right,S3-D2,-1.3867588885902e-06,-1.8582983361262e-06
HS,right,S4-D2,1.01492255909912e-05,-8.45606860530759e-07
HS,right,S4-D3,1.72923669202146e-05,-1.84366483562817e-06
HS,right,S5-D3,7.01151064774338e-06,7.99197674099537e-07
HS,right,S3-D4,4.48920568147099e-07,2.61938628030799e-07
HS,right,S4-D4,1.38971991328451e-05,-1.03320719126331e-06
HS,right,S5-D4,5.75412033182646e-06,-1.37666077811031e-06
HS,right,S8-D5,3.25482356893129e-06,-6.60380130387671e-06
HS,right,S6-D5,1.08882406232229e-06,-8.73136583847704e-06
HS,right,S7-D5,1.56338399098211e-21,-2.46583319440619e-21
HS,right,S9-D6,1.77943169225471e-05,-1.03859045391114e-06
HS,right,S8-D6,5.16394016117676e-06,-6.26644528317707e-08
HS,right,S6-D6,7.00434010306174e-06,-6.41925545256943e-07
HS,right,S10-D7,-5.15575145811366e-06,7.31825905840376e-08
HS,right,S9-D7,7.71477556813886e-06,1.89537189487316e-06
HS,right,S8-D7,8.99079859533821e-06,1.09798481291781e-06
HS,right,S10-D8,2.91707298480435e-08,1.29527122659058e-06
HS,right,S9-D8,1.97201740246883e-05,3.85856305168203e-06
JP,left,S1-D1,-2.69571186947334e-05,3.68109155507148e-06
JP,left,S3-D1,-9.5744183393821e-06,6.70767799734838e-07
JP,left,S2-D1,-2.11439031652116e-20,5.61033748166227e-21
JP,left,S1-D2,-2.93613390020172e-05,2.6950029573285e-06
JP,left,S3-D2,-1.23571973708497e-06,2.10101315580255e-06
JP,left,S4-D2,-3.19350515634545e-05,-1.03326378148891e-07
JP,left,S4-D3,-1.94087020392752e-05,2.74018699052475e-06
JP,left,S5-D3,-3.67787241512885e-05,8.07983327261704e-07
JP,left,S3-D4,-2.7077738389651e-06,2.23114508253386e-06
JP,left,S4-D4,5.15719158124332e-06,-4.21157291699979e-06
JP,left,S5-D4,-1.93153915539612e-05,-4.50934755211585e-07
JP,left,S8-D5,-3.26750022020393e-05,-2.76358289799285e-06
JP,left,S6-D5,-3.01229231708568e-05,7.22326619840845e-06
JP,left,S7-D5,-1.00691935298027e-20,1.55598687423059e-20
JP,left,S9-D6,-3.20163847827501e-05,1.42268640561819e-06
JP,left,S8-D6,-3.19054810689051e-05,1.99928395053047e-06
JP,left,S6-D6,-2.71622653266551e-05,4.78098376818451e-07
JP,left,S10-D7,-6.20395947496793e-05,-1.46153026767735e-06
JP,left,S9-D7,-3.38311601306102e-05,-1.49794486890442e-06
JP,left,S8-D7,-3.95641042388832e-05,5.6652679183747e-06
JP,left,S10-D8,-4.458029165479e-05,-2.13870355504421e-06
JP,left,S9-D8,-4.32960781876226e-05,-2.43053109701555e-06
JP,right,S1-D1,-1.66268114358029e-05,-2.29547215864225e-06
JP,right,S3-D1,-1.08014219520705e-05,-3.87216443322224e-06
JP,right,S2-D1,-1.15192669586208e-20,3.68420325545727e-21
JP,right,S1-D2,-1.24478672595287e-05,-1.30445627075112e-06
JP,right,S3-D2,2.46680332150773e-06,-1.23630528587302e-05
JP,right,S4-D2,-1.67342957563481e-05,-1.03367692040325e-06
JP,right,S4-D3,-3.91977154120341e-06,1.0292728434296e-06
JP,right,S5-D3,-1.99825210703246e-05,1.37377121649703e-07
JP,right,S3-D4,6.67169225372143e-06,-1.29767082150336e-06
JP,right,S4-D4,1.21120946928727e-05,-4.38910561918645e-06
JP,right,S5-D4,-3.53226801344826e-06,-5.1502062104501e-06
JP,right,S8-D5,-2.35721252961308e-05,-3.94987983872622e-06
JP,right,S6-D5,-2.45446826116508e-05,1.53479111667183e-06
JP,right,S7-D5,-1.11557868861768e-20,9.38169631242509e-21
JP,right,S9-D6,-2.59652510415765e-05,-1.45105660096147e-06
JP,right,S8-D6,-3.03730041057818e-05,-1.01267418549269e-05
JP,right,S6-D6,-1.68521494655349e-05,-2.87805576421334e-06
JP,right,S10-D7,-4.45840252671997e-05,-4.93808665477037e-06
JP,right,S9-D7,-2.69505991061714e-05,-5.9107503237503e-06
JP,right,S8-D7,-1.83251528907843e-05,4.24566165129107e-07
JP,right,S10-D8,-1.5637584907508e-05,-2.5355879920031e-06
JP,right,S9-D8,-2.01784973740085e-05,-3.54348812665526e-06
KB,left,S1-D1,-1.32510146790615e-07,6.4424709453741e-07
KB,left,S3-D1,-5.67189991916465e-06,-1.93443345116807e-06
KB,left,S2-D1,7.22376868616645e-22,2.54252607566319e-22
KB,left,S1-D2,-6.29130198209792e-06,3.11980649451195e-07
KB,left,S3-D2,-7.05382089656775e-06,2.03445832386483e-06
KB,left,S4-D2,-4.29862849273776e-08,-2.06657158466341e-06
KB,left,S4-D3,-1.68820030322621e-06,-5.084961196609e-07
KB,left,S5-D3,-3.79006173661021e-06,1.84198234764332e-06
KB,left,S3-D4,-1.44496137772072e-06,1.12320981034094e-06
KB,left,S4-D4,-2.46034456868744e-07,-2.25059335541121e-06
KB,left,S5-D4,-4.28090828595402e-06,1.88180374649628e-06
KB,left,S8-D5,-9.61202451207121e-06,-1.83459848839728e-06
KB,left,S6-D5,-7.89150749934204e-06,-2.71021741031237e-06
KB,left,S7-D5,-6.37384976935872e-21,-3.57757155958576e-22
KB,left,S9-D6,-4.14195307737863e-06,2.32604995497579e-08
KB,left,S8-D6,-3.69578041251165e-06,-7.6863975660097e-06
KB,left,S6-D6,-3.80912848184162e-06,-2.41960665635569e-06
KB,left,S10-D7,-4.64498605940681e-06,-2.18742762414685e-08
KB,left,S9-D7,1.69525040740834e-06,-1.97373229094414e-06
KB,left,S8-D7,-5.8854185711243e-06,1.54154811322438e-06
KB,left,S10-D8,-2.16827018518793e-06,-2.11583147214785e-06
KB,left,S9-D8,1.19372238045333e-06,9.63935096800858e-07
KB,right,S1-D1,3.76120251923691e-06,-2.54608591685465e-07
KB,right,S3-D1,-7.04690369721733e-06,-1.33094536983101e-06
KB,right,S2-D1,9.72857960870598e-22,-7.0633711506591e-22
KB,right,S1-D2,8.09647791586659e-08,1.479002846972e-06
KB,right,S3-D2,-1.00407805107918e-06,-7.50937767601115e-07
KB,right,S4-D2,-1.14929962016704e-07,8.46128453396615e-07
KB,right,S4-D3,9.04227252091429e-08,-1.15419421523826e-06
KB,right,S5-D3,-3.25127551195443e-06,3.4751962351189e-07
KB,right,S3-D4,3.52734538610571e-06,-9.24556036790873e-07
KB,right,S4-D4,2.54201655983558e-06,-1.51462249221724e-06
KB,right,S5-D4,-4.43511879505893e-06,1.02361023291394e-06
KB,right,S8-D5,-2.30159025483591e-06,5.6184504251614e-07
KB,right,S6-D5,2.64862567203808e-06,-9.98207225540028e-07
KB,right,S7-D5,-1.18119925977529e-20,-7.76418464892349e-22
KB,right,S9-D6,-1.41379028596727e-06,-1.93521561370546e-06
KB,right,S8-D6,-2.53914911741652e-06,-6.90845393311639e-06
KB,right,S6-D6,-1.03802399675961e-06,-1.45327012083712e-06
KB,right,S10-D7,-2.18033153673267e-06,5.12491078276795e-07
KB,right,S9-D7,6.01043474308863e-06,-3.01064108069659e-06
KB,right,S8-D7,1.69000554380143e-06,1.15766779734244e-06
KB,right,S10-D8,-4.10146212050493e-06,-2.50809125850324e-06
KB,right,S9-D8,3.01788394872017e-07,-1.06491817016218e-07
KK,left,S1-D1,1.9050313712745e-05,5.25107706154152e-06
KK,left,S3-D1,3.72474848649328e-06,2.5160909259388e-05
KK,left,S2-D1,-9.31480909453227e-21,-3.71487067885073e-21
KK,left,S1-D2,-2.71246255840562e-05,9.59097630638259e-07
KK,left,S3-D2,1.76640225743596e-05,2.28214468136345e-06
KK,left,S4-D2,6.58576875906211e-06,-5.73176850886549e-06
KK,left,S4-D3,1.04304128362622e-05,-2.24128916886631e-06
KK,left,S5-D3,1.04584603596311e-05,-6.07475898435931e-06
KK,left,S3-D4,-1.46392866397093e-05,7.81867439419075e-06
KK,left,S4-D4,6.22501625902829e-06,-1.77945974772212e-06
KK,left,S5-D4,7.32851665837156e-06,-2.90316921922988e-06
KK,left,S8-D5,2.78311479798374e-05,-2.65836797117197e-06
KK,left,S6-D5,1.29736964149189e-05,-1.1515048195069e-05
KK,left,S7-D5,-3.2480014170757e-21,4.26331793079741e-22
KK,left,S9-D6,1.32074274488418e-05,7.35982117412212e-07
KK,left,S8-D6,3.31306638098328e-05,4.12095031935706e-06
KK,left,S6-D6,8.54195285539014e-06,5.90957767093375e-07
KK,left,S10-D7,-8.02795850750187e-06,4.02749973829653e-06
KK,left,S9-D7,1.93937565667699e-05,-7.70142743518868e-06
KK,left,S8-D7,8.67197711042955e-06,3.1850655161082e-06
KK,left,S10-D8,-8.82943970639835e-06,1.98463013975568e-06
KK,left,S9-D8,1.91531259303321e-05,-1.35913686133672e-06
KK,right,S1-D1,9.37000221987608e-06,-1.74320386870894e-05
KK,right,S3-D1,-9.74733640550899e-06,1.302710911457e-05
KK,right,S2-D1,-3.0863090197453e-21,-1.16976170406673e-20
KK,right,S1-D2,2.28566150776675e-05,1.54544864867988e-06
KK,right,S3-D2,9.86156058105239e-07,1.22416700541911e-06
KK,right,S4-D2,6.02311298161671e-06,7.12468218447524e-06
KK,right,S4-D3,6.76008006808113e-06,4.85355470166847e-06
KK,right,S5-D3,-1.58016003301537e-06,2.10915049713496e-06
KK,right,S3-D4,6.33915001712401e-06,5.44934636304395e-06
KK,right,S4-D4,-1.17811651814924e-06,4.35591366112388e-06
KK,right,S5-D4,2.17333417069079e-06,3.21959454270467e-06
KK,right,S8-D5,-1.01123444782247e-05,-2.27838753312375e-06
KK,right,S6-D5,-4.86747702396539e-06,6.83986039862438e-06
KK,right,S7-D5,-4.31796366915002e-21,4.56612177754088e-23
KK,right,S9-D6,9.90257605628343e-06,1.03972574427222e-06
KK,right,S8-D6,-9.00530078017755e-07,1.50515912035802e-06
KK,right,S6-D6,8.86974710854534e-06,3.90746552681617e-06
KK,right,S10-D7,1.5127464884785e-05,3.48064101774299e-06
KK,right,S9-D7,1.45089811019274e-05,2.00231580277198e-06
KK,right,S8-D7,-6.60700607247667e-06,3.45551264372898e-06
KK,right,S10-D8,1.56839987624339e-05,2.4380087269951e-07
KK,right,S9-D8,1.43186290500327e-05,1.12903894938605e-06
KK,left,S1-D1,2.48280826934326e-05,-1.00187003676473e-05
KK,left,S3-D1,-7.88021263187912e-06,-2.09669073681075e-06
KK,left,S2-D1,1.43052920614465e-20,3.43998185495263e-21
KK,left,S1-D2,1.77125220052569e-05,2.49972398339154e-06
KK,left,S3-D2,-6.45342337322147e-05,1.46450351485166e-05
KK,left,S4-D2,1.41094818488352e-05,3.43682224642191e-06
KK,left,S4-D3,-1.25958642468624e-05,2.02381809786564e-06
KK,left,S5-D3,-7.32638858018778e-06,4.31270066950592e-06
KK,left,S3-D4,-1.59228188597926e-05,-3.82602154142435e-06
KK,left,S4-D4,4.27184658634668e-06,-9.78818102722792e-06
KK,left,S5-D4,1.01872152738293e-05,-8.10555003949203e-07
KK,left,S8-D5,-1.32253493144895e-05,-1.93762122141008e-06
KK,left,S6-D5,-3.91741679070565e-05,1.09393237543476e-06
KK,left,S7-D5,4.59639890970507e-21,1.68724528110385e-21
KK,left,S9-D6,7.68738390519233e-06,7.62674861801584e-06
KK,left,S8-D6,-1.28403742058098e-05,9.16116407180486e-06
KK,left,S6-D6,5.17291342501564e-06,-3.78402099271917e-06
KK,left,S10-D7,-5.27731250538118e-06,3.91173902129662e-06
KK,left,S9-D7,-5.54644222449786e-06,-5.398223156541e-06
KK,left,S8-D7,-2.57018337074196e-05,-3.81050313036767e-07
KK,left,S10-D8,-7.34176483103126e-06,8.89480815945523e-06
KK,left,S9-D8,-3.73922984600156e-05,-6.61900349930799e-07
KK,right,S1-D1,7.13047007033395e-06,-1.09931650448009e-05
KK,right,S3-D1,-1.56908755710371e-05,-3.34316390822749e-06
KK,right,S2-D1,9.62302547104007e-21,1.75773634902536e-21
KK,right,S1-D2,1.61219247057736e-05,3.58970267097857e-07
KK,right,S3-D2,-5.09431397008895e-05,1.16705239542119e-05
KK,right,S4-D2,2.5572048848738e-05,6.11298922818622e-06
KK,right,S4-D3,-7.16755533492556e-06,-1.16697413984807e-06
KK,right,S5-D3,1.4294781440963e-05,-6.22240470249829e-06
KK,right,S3-D4,-9.8244905043504e-06,-2.57161185935385e-06
KK,right,S4-D4,9.16932957685286e-06,-8.68281560027908e-06
KK,right,S5-D4,2.34499570922693e-05,1.29471092385233e-06
KK,right,S8-D5,-2.09567448858426e-06,3.40730702134034e-06
KK,right,S6-D5,2.36474220171445e-05,1.00273008163455e-05
KK,right,S7-D5,5.16020619826548e-21,5.51512266975422e-22
KK,right,S9-D6,2.50862236115641e-05,3.96895659412487e-06
KK,right,S8-D6,1.57748884321107e-05,4.53022310420057e-06
KK,right,S6-D6,1.91145650712718e-05,-5.62510741487143e-06
KK,right,S10-D7,1.17455205649988e-05,-2.57062024309329e-07
KK,right,S9-D7,1.33895890797092e-05,-1.42693352358793e-06
KK,right,S8-D7,1.18308674239808e-05,5.59152974395664e-06
KK,right,S10-D8,3.12269885478376e-05,7.36390872618654e-06
KK,right,S9-D8,-1.1158554735441e-05,1.24058999027689e-08
KW,left,S1-D1,-2.65574415955929e-06,2.28396475632077e-07
KW,left,S3-D1,-1.1068787490991e-05,-2.88600367882958e-06
KW,left,S2-D1,-1.99842351894772e-21,2.7263552635136e-21
KW,left,S1-D2,-5.26615301604217e-07,-7.21140684018463e-07
KW,left,S3-D2,2.5788448695007e-06,-2.39074578662551e-06
KW,left,S4-D2,-1.07827695955224e-06,-3.05038477278906e-06
KW,left,S4-D3,-9.57802834748067e-06,6.3956837700672e-08
KW,left,S5-D3,-3.59181853595319e-06,1.90212051154126e-06
KW,left,S3-D4,-1.93496325896683e-06,-3.09554422396683e-06
KW,left,S4-D4,-1.65636740031933e-06,-1.87681000939865e-06
KW,left,S5-D4,-4.87095950224038e-06,-3.77077409125097e-08
KW,left,S8-D5,1.56236924747633e-06,2.60847526384723e-06
KW,left,S6-D5,-2.88911728394213e-06,-6.39800591934992e-07
KW,left,S7-D5,-5.62301700442108e-21,-2.67357919313343e-21
KW,left,S9-D6,8.45141935909575e-06,-4.13462177545862e-06
KW,left,S8-D6,6.30023147072554e-06,-1.34349440470652e-06
KW,left,S6-D6,-3.72678809034314e-06,-2.84285135217441e-06
KW,left,S10-D7,-1.27823441671578e-05,-5.57858632050129e-06
KW,left,S9-D7,-5.88699902393581e-07,-2.85421642608175e-06
KW,left,S8-D7,-6.44458734943176e-06,-1.43172873827473e-06
KW,left,S10-D8,-1.384171606758e-05,-5.03576281451315e-06
KW,left,S9-D8,-1.38909949455201e-05,1.850683143112e-07
KW,right,S1-D1,-1.02025701058887e-05,4.57310681724959e-07
KW,right,S3-D1,-1.53980420961525e-05,-1.73387674838358e-06
KW,right,S2-D1,-1.2622848615481e-21,-1.75904860388119e-21
KW,right,S1-D2,-7.67880881711205e-06,-1.35086036406915e-06
KW,right,S3-D2,-1.92035151292739e-06,1.99746574243814e-07
KW,right,S4-D2,1.20352205560243e-07,-2.67888246323651e-06
KW,right,S4-D3,3.38896060968217e-06,-8.11465667532783e-07
KW,right,S5-D3,-6.5457520313263e-06,1.82966904882028e-07
KW,right,S3-D4,7.29194166698046e-08,-2.18811352295768e-06
KW,right,S4-D4,9.72815566592699e-07,-2.99452223983444e-06
KW,right,S5-D4,-7.09625064815871e-06,-1.90184756843772e-06
KW,right,S8-D5,-8.81054335286302e-06,4.27310889255096e-06
KW,right,S6-D5,-8.04907856080052e-06,-2.34728158726463e-07
KW,right,S7-D5,-1.85118181842513e-21,-4.9404393731633e-21
KW,right,S9-D6,7.10053613177559e-06,-4.25636188480387e-06
KW,right,S8-D6,-3.23332482657949e-07,-8.21845041408862e-07
KW,right,S6-D6,-5.96702363568253e-06,-4.11908654862058e-06
KW,right,S10-D7,2.41109720227757e-06,-4.0266651419229e-06
KW,right,S9-D7,3.34553819816802e-06,-3.27382335612233e-06
KW,right,S8-D7,-4.91119525200729e-06,5.19197215392036e-07
KW,right,S10-D8,3.57823249313977e-06,-3.98451404006544e-06
KW,right,S9-D8,-4.43190477445204e-06,1.20128262440921e-06
MJ,left,S1-D1,0.000695769170957758,4.95093262638923e-05
MJ,left,S3-D1,8.68121355124578e-05,0.000578914811238974
MJ,left,S2-D1,-6.95762824008309e-20,2.72196731807927e-20
MJ,left,S1-D2,0.000363226096733421,4.51769768820977e-05
MJ,left,S3-D2,-0.000138933933574311,0.000287693454404624
MJ,left,S4-D2,0.000493094909049091,-0.00012146397979297
MJ,left,S4-D3,0.000148459306414386,-6.48163524957886e-05
MJ,left,S5-D3,-9.27788996851145e-06,1.2692371607343e-05
MJ,left,S3-D4,-0.000166944675356855,0.000105055237068654
MJ,left,S4-D4,0.000381547631519787,-6.17012102819336e-05
MJ,left,S5-D4,-0.000117921445248341,0.000148880595801132
MJ,left,S8-D5,0.000424551646269722,7.74164437410509e-06
MJ,left,S6-D5,0.000325378270824869,0.000345444822974807
MJ,left,S7-D5,2.38730008540549e-21,8.36903951561975e-21
MJ,left,S9-D6,0.000196545436902807,0.000109481706805575
MJ,left,S8-D6,0.000317833070597,0.000107771739913033
MJ,left,S6-D6,0.000324135470017759,-5.15423129555453e-05
MJ,left,S10-D7,-0.000411934264535742,-0.000154689485375469
MJ,left,S9-D7,0.00019656908397963,1.98857976462862e-05
MJ,left,S8-D7,0.000397194992325521,0.000101589103311134
MJ,left,S10-D8,-7.25118330308459e-05,-2.95402652467052e-05
MJ,left,S9-D8,0.000115143294944993,-7.75061933575159e-05
MJ,right,S1-D1,0.000718096368889518,5.39521960404163e-05
MJ,right,S3-D1,6.80409046167637e-05,0.00059924254332829
MJ,right,S2-D1,-6.5871934672211e-20,2.49476911611793e-20
MJ,right,S1-D2,0.0003538221666547,7.95628209717149e-05
MJ,right,S3-D2,-0.000154370245563298,0.000330961194523604
MJ,right,S4-D2,0.000476298718782255,-0.000124340338314483
MJ,right,S4-D3,0.000133734074415047,-7.10287798566834e-05
MJ,right,S5-D3,-2.9073194411905e-05,6.79531899200266e-06
MJ,right,S3-D4,-0.00015531130265942,0.000131059848941174
MJ,right,S4-D4,0.00037931146248501,-7.05719588124219e-05
MJ,right,S5-D4,-0.000107836279539295,0.000166383064403611
MJ,right,S8-D5,0.000446091952255969,-4.01843433938053e-06
MJ,right,S6-D5,0.00033676892709475,0.000354474920337219
MJ,right,S7-D5,-7.35793772344712e-22,6.58391294820386e-21
MJ,right,S9-D6,0.000208554112025471,0.000114118946345018
MJ,right,S8-D6,0.000334536792290646,9.714709426401e-05
MJ,right,S6-D6,0.000353015795960991,-5.32057373007894e-05
MJ,right,S10-D7,-0.000397136786608623,-0.000140203841589124
MJ,right,S9-D7,0.000198502073913636,9.50306652939733e-06
MJ,right,S8-D7,0.000432820884245632,8.90189833987258e-05
MJ,right,S10-D8,-7.73939195193696e-05,-1.88376365054738e-05
MJ,right,S9-D8,9.52583020647048e-05,-6.17604702063543e-05
MZ,left,S1-D1,-1.47390897913989e-06,5.32612421073748e-06
MZ,left,S3-D1,-5.66707370666368e-06,3.62232897653939e-06
MZ,left,S2-D1,6.50877829802932e-21,9.14708606430956e-22
MZ,left,S1-D2,-1.37642510983706e-05,4.21045364765291e-06
MZ,left,S3-D2,-1.51269689601366e-05,-1.32976866318093e-06
MZ,left,S4-D2,-1.2981372018515e-05,3.78146612328839e-06
MZ,left,S4-D3,-1.4990028483592e-05,3.30983213195802e-06
MZ,left,S5-D3,6.76720200759051e-07,-9.62776223755387e-07
MZ,left,S3-D4,-2.29840748849177e-05,3.1843686843728e-06
MZ,left,S4-D4,-1.55078524529777e-05,4.43118001298244e-06
MZ,left,S5-D4,-8.81416525840996e-06,-2.6698164923738e-06
MZ,left,S8-D5,-5.33384231581759e-06,3.57136306165312e-06
MZ,left,S6-D5,-2.86570641228626e-06,2.65597983143123e-06
MZ,left,S7-D5,-2.17140899711838e-22,-2.67805722291556e-21
MZ,left,S9-D6,-5.31264644091856e-06,6.27324224504567e-07
MZ,left,S8-D6,-7.81231969722838e-06,2.11747753251444e-06
MZ,left,S6-D6,-3.70669385485827e-06,-7.03769033640071e-06
MZ,left,S10-D7,-1.38283389293047e-05,-1.87928874390216e-06
MZ,left,S9-D7,-6.10056960387787e-06,8.85359321378588e-07
MZ,left,S8-D7,-1.89170948895723e-05,-2.46514545334568e-06
MZ,left,S10-D8,-6.48010592580679e-07,8.01703606684284e-07
MZ,left,S9-D8,-3.24219340449649e-05,-9.98716481670782e-06
MZ,right,S1-D1,-2.19139827085103e-06,3.79749452337734e-06
MZ,right,S3-D1,-2.21387757590571e-06,-6.2044724197152e-09
MZ,right,S2-D1,9.54751331070186e-21,1.19537397441492e-21
MZ,right,S1-D2,-7.41271595612563e-06,3.19704080609602e-06
MZ,right,S3-D2,-1.55607234331377e-05,-2.65244748764694e-06
MZ,right,S4-D2,-1.05591932502008e-05,4.95600742576237e-06
MZ,right,S4-D3,-1.62931795240562e-05,3.35436159256735e-06
MZ,right,S5-D3,-6.41699692801887e-07,-4.48115354159925e-07
MZ,right,S3-D4,-1.96667438128371e-05,3.98967118022536e-06
MZ,right,S4-D4,-7.36459095167415e-06,4.43247537457985e-06
MZ,right,S5-D4,-4.54604730280494e-06,-5.23869345677724e-07
MZ,right,S8-D5,-3.89945575573941e-06,2.5667901182541e-06
MZ,right,S6-D5,-1.26254770998072e-06,8.45381248588781e-07
MZ,right,S7-D5,4.95713189444709e-21,-3.37697432516291e-21
MZ,right,S9-D6,-2.76561400519827e-06,2.42022329851876e-06
MZ,right,S8-D6,-1.24805630052802e-06,1.19964001955363e-06
MZ,right,S6-D6,3.51321329894692e-06,-5.08345073729287e-06
MZ,right,S10-D7,-7.26738088931536e-06,-6.53279690731613e-07
MZ,right,S9-D7,-6.44281640994186e-06,6.33597491979026e-07
MZ,right,S8-D7,-1.63270429336595e-05,-2.47452380017578e-06
MZ,right,S10-D8,-3.21195869469784e-06,7.03088359218381e-07
MZ,right,S9-D8,-4.25811871811833e-05,-5.01547854280358e-06
SG,left,S1-D1,1.73640947573702e-05,7.48179723844128e-06
SG,left,S3-D1,4.23512297482699e-05,-3.52265134153556e-06
SG,left,S2-D1,1.42024901867857e-20,2.59847054483957e-21
SG,left,S1-D2,4.223327797829e-05,1.0355008499814e-05
SG,left,S3-D2,3.22997006988814e-05,2.87808786609903e-06
SG,left,S4-D2,2.95613358248811e-05,4.71834244116005e-06
SG,left,S4-D3,-1.53612985894649e-05,3.15340571235266e-06
SG,left,S5-D3,1.93052395288705e-05,6.49522467556699e-06
SG,left,S3-D4,3.40469261270862e-05,6.01843901263578e-06
SG,left,S4-D4,-1.89575343991735e-06,8.09417282028673e-06
SG,left,S5-D4,1.76107304074745e-05,8.07326525763302e-06
SG,left,S8-D5,1.92901425542992e-05,6.75267909994743e-06
SG,left,S6-D5,1.29074987991922e-05,1.07395257935319e-05
SG,left,S7-D5,-2.5702133625874e-20,1.95513176027974e-21
SG,left,S9-D6,-7.30207968032303e-06,5.64839522105527e-06
SG,left,S8-D6,1.24542764752385e-05,5.24656466865612e-06
SG,left,S6-D6,2.17769469867378e-05,-1.09841559723548e-06
SG,left,S10-D7,1.42620759760494e-05,1.05703119476298e-05
SG,left,S9-D7,-5.07187294776868e-06,6.67968266905128e-06
SG,left,S8-D7,1.82816046242402e-05,4.81603941583517e-06
SG,left,S10-D8,9.87345377811948e-06,7.53342228517926e-06
SG,left,S9-D8,-2.76943415461174e-05,-1.24169507490354e-05
SG,right,S1-D1,9.12028939559745e-06,3.73260782723879e-06
SG,right,S3-D1,1.18409588294429e-05,-6.31494024678266e-06
SG,right,S2-D1,1.83825761225191e-20,3.86934942862194e-21
SG,right,S1-D2,3.04068218408437e-05,4.3481346845352e-06
SG,right,S3-D2,-4.08285287293935e-06,-2.21510318486602e-06
SG,right,S4-D2,1.87793135644173e-05,5.0091989538744e-06
SG,right,S4-D3,-5.04870118283623e-06,1.87653563155147e-07
SG,right,S5-D3,1.39534864176772e-05,3.66923488174461e-06
SG,right,S3-D4,1.09794890750874e-05,1.62410277314595e-06
SG,right,S4-D4,6.5410566834327e-07,9.22160688041662e-06
SG,right,S5-D4,8.464289410457e-06,3.53818000240151e-06
SG,right,S8-D5,2.98605041377902e-05,4.5556452689809e-06
SG,right,S6-D5,1.97205701570817e-05,1.12029686039939e-05
SG,right,S7-D5,-1.96004780922829e-20,2.46774011962457e-21
SG,right,S9-D6,3.02061375226213e-07,9.61231490140975e-07
SG,right,S8-D6,7.91410197073513e-06,3.91512186368298e-06
SG,right,S6-D6,2.06810095270687e-05,1.34504811535573e-06
SG,right,S10-D7,1.36911263356783e-05,9.73400764961949e-06
SG,right,S9-D7,-5.26662674657501e-07,4.97654373117519e-06
SG,right,S8-D7,1.89156460167709e-05,-3.54862232838742e-06
SG,right,S10-D8,1.737469027252e-05,8.67758689795941e-06
SG,right,S9-D8,-7.90724145961255e-06,-9.94282284249018e-06
SM,left,S1-D1,-0.000273003728459674,9.55438864535958e-05
SM,left,S3-D1,-6.12618989965429e-05,0.000232846185654617
SM,left,S2-D1,-7.0153854824924e-21,-4.57372321920308e-20
SM,left,S1-D2,2.23069281928813e-05,4.16809567494835e-05
SM,left,S3-D2,-0.000124039335954137,-5.19854771885235e-05
SM,left,S4-D2,-0.000106059879586259,2.51863854334764e-05
SM,left,S4-D3,-0.000200884713589462,2.32170322297662e-05
SM,left,S5-D3,-0.000105091744269374,-5.73350920519919e-05
SM,left,S3-D4,-0.000144104718814449,-1.93488803695703e-05
SM,left,S4-D4,-3.68981647158457e-05,2.25010415498287e-05
SM,left,S5-D4,-0.000146288246486003,-6.60742385918517e-05
SM,left,S8-D5,-1.71454699739568e-05,-1.34988057622152e-05
SM,left,S6-D5,3.20562343888657e-05,1.94851330450998e-05
SM,left,S7-D5,5.06749500815168e-20,5.11159086492293e-20
SM,left,S9-D6,-0.000142129001431545,-2.34262245939092e-05
SM,left,S8-D6,-0.00013887847711044,-1.11067604757668e-05
SM,left,S6-D6,-8.29718112626524e-05,6.91204889224689e-06
SM,left,S10-D7,4.1567849346861e-06,3.38486692573746e-05
SM,left,S9-D7,-7.24410766409036e-05,-4.28929747054171e-06
SM,left,S8-D7,-8.17879120781756e-05,2.05677081286101e-05
SM,left,S10-D8,-0.000115145909498349,1.42272411648838e-05
SM,left,S9-D8,-0.000191816277388377,-0.000154294941167687
SM,right,S1-D1,-0.000277986724938696,9.31532323565337e-05
SM,right,S3-D1,-9.3308624751545e-05,0.000218521049790553
SM,right,S2-D1,-3.32560278957512e-21,-4.8190890186402e-20
SM,right,S1-D2,5.03648020383558e-06,3.44858983023514e-05
SM,right,S3-D2,-0.000143790867048114,-5.44585319606907e-05
SM,right,S4-D2,-0.000107940292849011,2.55536787734143e-05
SM,right,S4-D3,-0.000207513230605336,2.12676151268625e-05
SM,right,S5-D3,-9.24215705492271e-05,-5.84377750134775e-05
SM,right,S3-D4,-0.000153829388319421,-2.31504409622853e-05
SM,right,S4-D4,-3.65604026383731e-05,2.36950110364044e-05
SM,right,S5-D4,-0.000141922348769528,-6.90938800869619e-05
SM,right,S8-D5,-1.13825431701168e-05,-9.37943356123641e-06
SM,right,S6-D5,4.34589001456499e-05,9.33715184276689e-06
SM,right,S7-D5,4.98927317583628e-20,5.11620320519222e-20
SM,right,S9-D6,-0.00014225083649006,-2.21535106632674e-05
SM,right,S8-D6,-0.000139687978113889,-8.6317915500626e-06
SM,right,S6-D6,-7.11617535476544e-05,7.79698549018582e-06
SM,right,S10-D7,3.79472768553794e-07,2.75481955109141e-05
SM,right,S9-D7,-7.11164601207721e-05,-7.20530193606368e-06
SM,right,S8-D7,-9.47952135965303e-05,1.7311402256332e-05
SM,right,S10-D8,-0.000110537703624404,8.40002406449369e-06
SM,right,S9-D8,-0.00018209977007884,-0.000158970481431889
